country,happiness_rank,happiness_score,GDP_per_capita,life_expectancy,freedom,perceptions_corruption,generosity,year,ISO2,continent
Arab Republic of Egypt,135,4.194,0.8818,0.61712,0.17288,0.06324,0.11291,2015,EG,Africa
Arab Republic of Egypt,120,4.362,0.95395,0.52116,0.18847,0.10393,0.12706,2016,EG,Africa
Arab Republic of Egypt,104,4.7350001335144,0.989701807498932,0.520187258720398,0.282110154628754,0.114381365478039,0.128631442785263,2017,EG,Africa
Arab Republic of Egypt,122,4.419,0.885,0.553,0.312,0.107,0.092,2018,EG,Africa
Arab Republic of Egypt,137,4.166,0.913,0.644,0.241,0.067,0.076,2019,EG,Africa
Argentine Republic,30,6.574,1.05351,0.78723,0.44974,0.08484,0.11451,2015,AR,America
Argentine Republic,26,6.65,1.15137,0.69711,0.42284,0.07296,0.10989,2016,AR,America
Argentine Republic,24,6.59899997711182,1.18529546260834,0.695137083530426,0.494519203901291,0.059739887714386,0.109457060694695,2017,AR,America
Argentine Republic,29,6.388,1.073,0.744,0.57,0.054,0.062,2018,AR,America
Argentine Republic,47,6.086,1.092,0.881,0.471,0.05,0.066,2019,AR,America
Belize,52,5.956,0.87616,0.45569,0.51231,0.10771,0.23684,2016,BZ,America
Belize,50,5.95599985122681,0.907975316047668,0.450191766023636,0.547509372234344,0.0965810716152191,0.240015640854836,2017,BZ,America
Belize,49,5.956,0.807,0.474,0.593,0.089,0.183,2018,BZ,America
Bolivarian Republic of Venezuela,23,6.81,1.04424,0.72052,0.42908,0.11069,0.05841,2015,VE,America
Bolivarian Republic of Venezuela,44,6.084,1.13367,0.61904,0.19847,0.08304,0.0425,2016,VE,America
Bolivarian Republic of Venezuela,82,5.25,1.12843120098114,0.617144227027893,0.153997123241425,0.0644911229610443,0.0650196298956871,2017,VE,America
Bolivarian Republic of Venezuela,102,4.806,0.996,0.657,0.133,0.052,0.056,2018,VE,America
Bolivarian Republic of Venezuela,108,4.707,0.96,0.805,0.154,0.047,0.064,2019,VE,America
Bosnia and Herzegovina,96,4.949,0.83223,0.79081,0.09245,0.00227,0.24808,2015,BA,Europe
Bosnia and Herzegovina,87,5.163,0.93383,0.70766,0.09511,0.0,0.29889,2016,BA,Europe
Bosnia and Herzegovina,90,5.18200016021729,0.982409417629242,0.705186307430267,0.204403176903725,0.0,0.328867495059967,2017,BA,Europe
Bosnia and Herzegovina,93,5.129,0.915,0.758,0.28,0.0,0.216,2018,BA,Europe
Bosnia and Herzegovina,78,5.386,0.945,0.845,0.212,0.006,0.263,2019,BA,Europe
Burkina Faso,152,3.587,0.25812,0.27125,0.39493,0.12832,0.21747,2015,BF,Africa
Burkina Faso,145,3.739,0.31995,0.21297,0.3337,0.12533,0.24353,2016,BF,Africa
Burkina Faso,134,4.03200006484985,0.3502277135849,0.215844258666039,0.324367851018906,0.120328105986118,0.250864684581757,2017,BF,Africa
Burkina Faso,121,4.424,0.314,0.254,0.312,0.128,0.175,2018,BF,Africa
Burkina Faso,115,4.587,0.331,0.38,0.255,0.113,0.177,2019,BF,Africa
Canada,5,7.427,1.32629,0.90563,0.63297,0.32957,0.45811,2015,CA,America
Canada,6,7.404,1.44015,0.8276,0.5737,0.31329,0.44834,2016,CA,America
Canada,7,7.31599998474121,1.47920441627502,0.83455765247345,0.611100912094116,0.287371516227722,0.435539722442627,2017,CA,America
Canada,7,7.328,1.33,0.896,0.653,0.291,0.321,2018,CA,America
Canada,9,7.278,1.365,1.039,0.584,0.308,0.285,2019,CA,America
Central African Republic,148,3.678,0.0785,0.06699,0.48879,0.08289,0.23835,2015,CF,Africa
Central African Republic,155,2.69300007820129,0.0,0.0187726859003305,0.270842045545578,0.0565650761127472,0.280876487493515,2017,CF,Africa
Central African Republic,155,3.083,0.024,0.01,0.305,0.038,0.218,2018,CF,Africa
Central African Republic,155,3.083,0.026,0.105,0.225,0.035,0.235,2019,CF,Africa
Commonwealth of Australia,10,7.284,1.33358,0.93156,0.65124,0.35637,0.43562,2015,AU,Oceania
Commonwealth of Australia,9,7.313,1.44443,0.8512,0.56837,0.32331,0.47407,2016,AU,Oceania
Commonwealth of Australia,10,7.28399991989136,1.484414935112,0.84388679265976,0.601607382297516,0.301183730363846,0.477699249982834,2017,AU,Oceania
Commonwealth of Australia,10,7.272,1.34,0.91,0.647,0.302,0.361,2018,AU,Oceania
Commonwealth of Australia,11,7.228,1.372,1.036,0.557,0.29,0.332,2019,AU,Oceania
Czech Republic,31,6.505,1.17898,0.84483,0.46364,0.02652,0.10686,2015,CZ,Europe
Czech Republic,27,6.596,1.30915,0.76376,0.41418,0.03986,0.09929,2016,CZ,Europe
Czech Republic,23,6.60900020599365,1.35268235206604,0.754444003105164,0.490946173667908,0.0368729270994663,0.0881067588925362,2017,CZ,Europe
Czech Republic,21,6.711,1.233,0.854,0.543,0.034,0.064,2018,CZ,Europe
Czech Republic,20,6.852,1.269,0.92,0.457,0.036,0.046,2019,CZ,Europe
Democratic Republic of the Congo,120,4.517,0.0,0.09806,0.22605,0.07625,0.24834,2015,CD,Africa
Democratic Republic of the Congo,125,4.272,0.05661,0.188,0.15602,0.06075,0.25458,2016,CD,Africa
Democratic Republic of the Congo,126,4.28000020980835,0.0921023488044739,0.191407024860382,0.235961347818375,0.0602413564920425,0.246455833315849,2017,CD,Africa
Democratic Republic of the Congo,132,4.245,0.069,0.204,0.312,0.052,0.197,2018,CD,Africa
Democratic Republic of the Congo,127,4.418,0.094,0.357,0.269,0.053,0.212,2019,CD,Africa
Democratic Socialist Republic of Sri Lanka,132,4.271,0.83524,0.70806,0.53726,0.09179,0.40828,2015,LK,Asia
Democratic Socialist Republic of Sri Lanka,117,4.415,0.97318,0.62007,0.50817,0.07964,0.46978,2016,LK,Asia
Democratic Socialist Republic of Sri Lanka,120,4.44000005722046,1.00985014438629,0.625130832195282,0.561213254928589,0.0736539661884308,0.490863561630249,2017,LK,Asia
Democratic Socialist Republic of Sri Lanka,116,4.471,0.918,0.672,0.585,0.05,0.307,2018,LK,Asia
Democratic Socialist Republic of Sri Lanka,130,4.366,0.949,0.831,0.47,0.047,0.244,2019,LK,Asia
Dominican Republic,98,4.885,0.89537,0.66825,0.57672,0.14234,0.21684,2015,DO,America
Dominican Republic,89,5.155,1.02787,0.57669,0.52259,0.12372,0.21286,2016,DO,America
Dominican Republic,86,5.23000001907349,1.07937383651733,0.574873745441437,0.55258983373642,0.113945253193378,0.186967849731445,2017,DO,America
Dominican Republic,83,5.302,0.982,0.614,0.578,0.106,0.12,2018,DO,America
Dominican Republic,77,5.425,1.015,0.779,0.497,0.101,0.113,2019,DO,America
Federal Democratic Republic of Ethiopia,122,4.512,0.19073,0.44055,0.4345,0.15048,0.24325,2015,ET,Africa
Federal Democratic Republic of Ethiopia,115,4.508,0.29283,0.34578,0.36703,0.1717,0.29522,2016,ET,Africa
Federal Democratic Republic of Ethiopia,119,4.46000003814697,0.339233845472336,0.353409707546234,0.408842742443085,0.165455713868141,0.312650740146637,2017,ET,Africa
Federal Democratic Republic of Ethiopia,127,4.35,0.308,0.391,0.452,0.146,0.22,2018,ET,Africa
Federal Democratic Republic of Ethiopia,134,4.286,0.336,0.532,0.344,0.1,0.209,2019,ET,Africa
Federal Democratic Republic of Nepal,121,4.514,0.35997,0.56874,0.38282,0.05907,0.32296,2015,NP,Asia
Federal Democratic Republic of Nepal,107,4.793,0.44626,0.50073,0.37012,0.07008,0.3816,2016,NP,Asia
Federal Democratic Republic of Nepal,99,4.96199989318848,0.479820191860199,0.504130780696869,0.440305948257446,0.0729755461215973,0.394096165895462,2017,NP,Asia
Federal Democratic Republic of Nepal,101,4.88,0.425,0.539,0.526,0.078,0.302,2018,NP,Asia
Federal Democratic Republic of Nepal,100,4.913,0.446,0.677,0.439,0.089,0.285,2019,NP,Asia
Federal Republic of Germany,26,6.75,1.32792,0.89186,0.61477,0.21843,0.28214,2015,DE,Europe
Federal Republic of Germany,16,6.994,1.44787,0.81487,0.53466,0.28551,0.30452,2016,DE,Europe
Federal Republic of Germany,16,6.95100021362305,1.48792338371277,0.798950731754303,0.562511384487152,0.276731938123703,0.336269170045853,2017,DE,Europe
Federal Republic of Germany,15,6.965,1.34,0.861,0.586,0.28,0.273,2018,DE,Europe
Federal Republic of Germany,17,6.985,1.373,0.987,0.495,0.265,0.261,2019,DE,Europe
Federal Republic of Nigeria,78,5.268,0.65435,0.16007,0.34334,0.0403,0.27233,2015,NG,Africa
Federal Republic of Nigeria,103,4.875,0.75216,0.05108,0.27854,0.0305,0.23219,2016,NG,Africa
Federal Republic of Nigeria,95,5.07399988174438,0.783756256103516,0.0569157302379608,0.394952565431595,0.0261215660721064,0.230947196483612,2017,NG,Africa
Federal Republic of Nigeria,91,5.155,0.689,0.048,0.462,0.032,0.201,2018,NG,Africa
Federal Republic of Nigeria,85,5.265,0.696,0.245,0.426,0.041,0.215,2019,NG,Africa
Federal Republic of Somalia,91,5.057,0.18847,0.43873,0.46582,0.39928,0.50318,2015,SO,Africa
Federal Republic of Somalia,76,5.44,0.0,0.11466,0.56778,0.3118,0.27225,2016,SO,Africa
Federal Republic of Somalia,97,5.057,0.25558,0.33108,0.3913,0.36794,0.51479,2016,SO,Africa
Federal Republic of Somalia,93,5.15100002288818,0.0226431842893362,0.113989137113094,0.602126955986023,0.282410323619843,0.291631311178207,2017,SO,Africa
Federal Republic of Somalia,98,4.982,0.0,0.115,0.674,0.282,0.238,2018,SO,Africa
Federal Republic of Somalia,112,4.668,0.0,0.268,0.559,0.27,0.243,2019,SO,Africa
Federative Republic of Brazil,16,6.983,0.98124,0.69702,0.49049,0.17521,0.14574,2015,BR,America
Federative Republic of Brazil,17,6.952,1.08754,0.61415,0.40425,0.14166,0.15776,2016,BR,America
Federative Republic of Brazil,22,6.63500022888184,1.10735321044922,0.616552352905273,0.437453746795654,0.111092761158943,0.16234989464283,2017,BR,America
Federative Republic of Brazil,28,6.419,0.986,0.675,0.493,0.088,0.11,2018,BR,America
Federative Republic of Brazil,32,6.3,1.004,0.802,0.39,0.086,0.099,2019,BR,America
French Republic,29,6.575,1.27778,0.94579,0.55011,0.20646,0.12332,2015,FR,Europe
French Republic,32,6.478,1.39488,0.83795,0.46562,0.17808,0.1216,2016,FR,Europe
French Republic,31,6.44199991226196,1.43092346191406,0.844465851783752,0.470222115516663,0.172502428293228,0.129762306809425,2017,FR,Europe
French Republic,23,6.489,1.293,0.908,0.52,0.176,0.098,2018,FR,Europe
French Republic,24,6.592,1.324,1.045,0.436,0.183,0.111,2019,FR,Europe
Gabonese Republic,143,3.896,1.06024,0.43372,0.31914,0.11091,0.06822,2015,GA,Africa
Gabonese Republic,134,4.121,1.15851,0.3494,0.28098,0.09314,0.06244,2016,GA,Africa
Gabonese Republic,118,4.46500015258789,1.1982102394104,0.356578588485718,0.312328577041626,0.0760467872023582,0.0437853783369064,2017,GA,Africa
Gabonese Republic,103,4.758,1.036,0.404,0.356,0.052,0.032,2018,GA,Africa
Gabonese Republic,104,4.799,1.057,0.571,0.295,0.055,0.043,2019,GA,Africa
Georgia,130,4.297,0.7419,0.72926,0.40577,0.38331,0.05547,2015,GE,Asia
Georgia,126,4.252,0.83792,0.64035,0.32461,0.3188,0.06786,2016,GE,Asia
Georgia,125,4.28599977493286,0.950612664222717,0.649546980857849,0.309410035610199,0.251666635274887,0.0540088154375553,2017,GE,Asia
Georgia,128,4.34,0.853,0.643,0.375,0.215,0.038,2018,GE,Asia
Georgia,119,4.519,0.886,0.752,0.346,0.164,0.043,2019,GE,Asia
Grand Duchy of Luxembourg,17,6.946,1.56391,0.91894,0.61583,0.37798,0.28034,2015,LU,Europe
Grand Duchy of Luxembourg,20,6.871,1.69752,0.84542,0.5487,0.35329,0.27571,2016,LU,Europe
Grand Duchy of Luxembourg,18,6.86299991607666,1.74194359779358,0.845089495182037,0.59662789106369,0.31883442401886,0.283180981874466,2017,LU,Europe
Grand Duchy of Luxembourg,17,6.91,1.576,0.896,0.632,0.321,0.196,2018,LU,Europe
Grand Duchy of Luxembourg,14,7.09,1.609,1.012,0.526,0.316,0.194,2019,LU,Europe
Hashemite Kingdom of Jordan,82,5.192,0.90198,0.69639,0.40661,0.14293,0.11053,2015,JO,Asia
Hashemite Kingdom of Jordan,80,5.303,0.99673,0.60712,0.36023,0.13297,0.14262,2016,JO,Asia
Hashemite Kingdom of Jordan,74,5.33599996566772,0.991012394428253,0.604590058326721,0.418421149253845,0.11980327218771,0.172170460224152,2017,JO,Asia
Hashemite Kingdom of Jordan,90,5.161,0.822,0.645,0.468,0.134,0.13,2018,JO,Asia
Hashemite Kingdom of Jordan,101,4.906,0.837,0.815,0.383,0.13,0.11,2019,JO,Asia
Hellenic Republic,102,4.857,1.15406,0.88213,0.07699,0.01397,0.0,2015,GR,Europe
Hellenic Republic,99,5.033,1.24886,0.80029,0.05822,0.04127,0.0,2016,GR,Europe
Hellenic Republic,87,5.22700023651123,1.28948748111725,0.810198903083801,0.0957312509417534,0.04328977689147,0.0,2017,GR,Europe
Hellenic Republic,79,5.358,1.154,0.879,0.131,0.044,0.0,2018,GR,Europe
Hellenic Republic,82,5.287,1.181,0.999,0.067,0.034,0.0,2019,GR,Europe
Hong Kong SAR,72,5.474,1.38604,1.01328,0.59608,0.37124,0.39478,2015,HK,Asia
Hong Kong SAR,75,5.458,1.5107,0.95277,0.48079,0.31647,0.40097,2016,HK,Asia
Hong Kong SAR,71,5.47200012207031,1.55167484283447,0.943062424659729,0.490968644618988,0.293933749198914,0.374465793371201,2017,HK,Asia
Hong Kong SAR,76,5.43,1.405,1.03,0.524,0.291,0.246,2018,HK,Asia
Hong Kong SAR,76,5.43,1.438,1.122,0.44,0.287,0.258,2019,HK,Asia
Ireland,18,6.94,1.33596,0.89533,0.61777,0.28703,0.45901,2015,IE,Europe
Ireland,19,6.907,1.48341,0.81455,0.54008,0.29754,0.44963,2016,IE,Europe
Ireland,15,6.97700023651123,1.53570663928986,0.80978262424469,0.573110342025757,0.29838815331459,0.42785832285881,2017,IE,Europe
Ireland,14,6.977,1.448,0.876,0.614,0.306,0.307,2018,IE,Europe
Ireland,16,7.021,1.499,0.999,0.516,0.31,0.298,2019,IE,Europe
Islamic Republic of Afghanistan,153,3.575,0.31982,0.30335,0.23414,0.09719,0.3651,2015,AF,Asia
Islamic Republic of Afghanistan,154,3.36,0.38227,0.17344,0.1643,0.07112,0.31268,2016,AF,Asia
Islamic Republic of Afghanistan,141,3.79399991035461,0.401477217674255,0.180746778845787,0.106179520487785,0.0611578300595284,0.311870932579041,2017,AF,Asia
Islamic Republic of Afghanistan,145,3.632,0.332,0.255,0.085,0.036,0.191,2018,AF,Asia
Islamic Republic of Afghanistan,154,3.203,0.35,0.361,0.0,0.025,0.158,2019,AF,Asia
Islamic Republic of Iran,110,4.686,1.0088,0.69805,0.30033,0.05863,0.38086,2015,IR,Asia
Islamic Republic of Iran,105,4.813,1.11758,0.64232,0.22544,0.0557,0.38538,2016,IR,Asia
Islamic Republic of Iran,108,4.69199991226196,1.15687310695648,0.639333188533783,0.249322608113289,0.048761073499918,0.387242913246155,2017,IR,Asia
Islamic Republic of Iran,106,4.707,1.059,0.691,0.459,0.129,0.282,2018,IR,Asia
Islamic Republic of Iran,117,4.548,1.1,0.785,0.305,0.125,0.27,2019,IR,Asia
Islamic Republic of Mauritania,124,4.436,0.45407,0.35874,0.24232,0.17461,0.219,2015,MR,Africa
Islamic Republic of Mauritania,130,4.201,0.61391,0.28639,0.1268,0.17955,0.22686,2016,MR,Africa
Islamic Republic of Mauritania,123,4.29199981689453,0.648457288742065,0.285349279642105,0.0960980430245399,0.136957004666328,0.201870024204254,2017,MR,Africa
Islamic Republic of Mauritania,126,4.356,0.557,0.292,0.129,0.093,0.134,2018,MR,Africa
Islamic Republic of Mauritania,122,4.49,0.57,0.489,0.066,0.088,0.106,2019,MR,Africa
Islamic Republic of Pakistan,81,5.194,0.59543,0.51466,0.12102,0.10464,0.33671,2015,PK,Asia
Islamic Republic of Pakistan,92,5.132,0.68816,0.40306,0.14622,0.1388,0.31185,2016,PK,Asia
Islamic Republic of Pakistan,80,5.26900005340576,0.72688353061676,0.402047783136368,0.23521526157856,0.124348066747189,0.315446019172668,2017,PK,Asia
Islamic Republic of Pakistan,75,5.472,0.652,0.424,0.334,0.113,0.216,2018,PK,Asia
Islamic Republic of Pakistan,67,5.653,0.677,0.535,0.313,0.098,0.22,2019,PK,Asia
Italian Republic,50,5.948,1.25114,0.95446,0.26236,0.02901,0.22823,2015,IT,Europe
Italian Republic,50,5.977,1.35495,0.85102,0.18827,0.02556,0.16684,2016,IT,Europe
Italian Republic,48,5.96400022506714,1.39506661891937,0.853144347667694,0.256450712680817,0.0280280914157629,0.17278964817524,2017,IT,Europe
Italian Republic,47,6.0,1.264,0.946,0.281,0.028,0.137,2018,IT,Europe
Italian Republic,36,6.223,1.294,1.039,0.231,0.03,0.158,2019,IT,Europe
Jamaica,65,5.709,0.81038,0.68741,0.50442,0.02299,0.2123,2015,JM,America
Jamaica,73,5.51,0.89333,0.59469,0.43597,0.04294,0.22245,2016,JM,America
Jamaica,76,5.31099987030029,0.925579309463501,0.641022384166718,0.474307239055634,0.0552677810192108,0.233818337321281,2017,JM,America
Jamaica,56,5.89,0.819,0.693,0.575,0.031,0.096,2018,JM,America
Jamaica,56,5.89,0.831,0.831,0.49,0.028,0.107,2019,JM,America
Japan,46,5.987,1.27074,0.99111,0.49615,0.1806,0.10705,2015,JP,Asia
Japan,53,5.921,1.38007,0.91491,0.46761,0.18985,0.10224,2016,JP,Asia
Japan,51,5.92000007629395,1.41691517829895,0.913475871086121,0.505625545978546,0.163760736584663,0.12057276815176,2017,JP,Asia
Japan,54,5.915,1.294,0.988,0.553,0.15,0.079,2018,JP,Asia
Japan,58,5.886,1.327,1.088,0.445,0.14,0.069,2019,JP,Asia
Kingdom of Bahrain,49,5.96,1.32376,0.74716,0.45492,0.306,0.17362,2015,BH,Asia
Kingdom of Bahrain,42,6.218,1.44024,0.65696,0.47375,0.25772,0.17147,2016,BH,Asia
Kingdom of Bahrain,41,6.08699989318848,1.48841226100922,0.653133034706116,0.536746919155121,0.257042169570923,0.172668486833572,2017,BH,Asia
Kingdom of Bahrain,43,6.105,1.338,0.698,0.594,0.123,0.243,2018,BH,Asia
Kingdom of Bahrain,37,6.199,1.362,0.871,0.536,0.11,0.255,2019,BH,Asia
Kingdom of Belgium,19,6.937,1.30782,0.89667,0.5845,0.2254,0.2225,2015,BE,Europe
Kingdom of Belgium,18,6.929,1.42539,0.81959,0.51354,0.26248,0.2424,2016,BE,Europe
Kingdom of Belgium,17,6.89099979400635,1.46378076076508,0.818091869354248,0.539770722389221,0.251343131065369,0.231503337621689,2017,BE,Europe
Kingdom of Belgium,16,6.927,1.324,0.894,0.583,0.24,0.188,2018,BE,Europe
Kingdom of Belgium,18,6.923,1.356,0.986,0.473,0.21,0.16,2019,BE,Europe
Kingdom of Bhutan,79,5.253,0.77042,0.57407,0.53206,0.15445,0.47998,2015,BT,Asia
Kingdom of Bhutan,84,5.196,0.8527,0.49759,0.46074,0.1616,0.48546,2016,BT,Asia
Kingdom of Bhutan,97,5.01100015640259,0.885416388511658,0.495879292488098,0.501537680625916,0.173380389809608,0.474054545164108,2017,BT,Asia
Kingdom of Bhutan,97,5.082,0.796,0.527,0.541,0.171,0.364,2018,BT,Asia
Kingdom of Bhutan,95,5.082,0.813,0.604,0.457,0.167,0.37,2019,BT,Asia
Kingdom of Cambodia,145,3.819,0.46038,0.61114,0.66246,0.07247,0.40359,2015,KH,Asia
Kingdom of Cambodia,140,3.907,0.55604,0.42494,0.58852,0.08092,0.40339,2016,KH,Asia
Kingdom of Cambodia,129,4.16800022125244,0.601765096187592,0.429783403873444,0.633375823497772,0.0681059509515762,0.385922968387604,2017,KH,Asia
Kingdom of Cambodia,120,4.433,0.549,0.457,0.696,0.065,0.256,2018,KH,Asia
Kingdom of Cambodia,109,4.7,0.574,0.637,0.609,0.062,0.232,2019,KH,Asia
Kingdom of Denmark,3,7.527,1.32548,0.87464,0.64938,0.48357,0.34139,2015,DK,Europe
Kingdom of Denmark,1,7.526,1.44178,0.79504,0.57941,0.44453,0.36171,2016,DK,Europe
Kingdom of Denmark,2,7.52199983596802,1.48238301277161,0.792565524578094,0.626006722450256,0.40077006816864,0.355280488729477,2017,DK,Europe
Kingdom of Denmark,3,7.555,1.351,0.868,0.683,0.408,0.284,2018,DK,Europe
Kingdom of Denmark,2,7.6,1.383,0.996,0.592,0.41,0.252,2019,DK,Europe
Kingdom of Eswatini,101,4.867,0.71206,0.07566,0.30658,0.0306,0.18259,2015,SZ,Africa
Kingdom of Eswatini,135,4.212,0.811,0.0,0.313,0.135,0.074,2019,SZ,Africa
Kingdom of Lesotho,97,4.898,0.37545,0.07612,0.31767,0.12504,0.16388,2015,LS,Africa
Kingdom of Lesotho,139,3.80800008773804,0.521021246910095,0.0,0.390661299228668,0.119094640016556,0.157497271895409,2017,LS,Africa
Kingdom of Lesotho,141,3.808,0.472,0.079,0.423,0.112,0.116,2018,LS,Africa
Kingdom of Lesotho,144,3.802,0.489,0.168,0.359,0.093,0.107,2019,LS,Africa
Kingdom of Morocco,92,5.013,0.73479,0.60954,0.41691,0.08546,0.07172,2015,MA,Africa
Kingdom of Morocco,90,5.151,0.84058,0.59471,0.25646,0.08404,0.04053,2016,MA,Africa
Kingdom of Morocco,84,5.2350001335144,0.878114581108093,0.59771066904068,0.408158332109451,0.0877631828188896,0.0322099551558495,2017,MA,Africa
Kingdom of Morocco,85,5.254,0.779,0.669,0.46,0.074,0.026,2018,MA,Africa
Kingdom of Morocco,89,5.208,0.801,0.782,0.418,0.076,0.036,2019,MA,Africa
Kingdom of Norway,4,7.522,1.459,0.88521,0.66973,0.36503,0.34699,2015,NO,Europe
Kingdom of Norway,4,7.498,1.57744,0.79579,0.59609,0.35776,0.37895,2016,NO,Europe
Kingdom of Norway,1,7.53700017929077,1.61646318435669,0.796666502952576,0.635422587394714,0.315963834524155,0.36201223731041,2017,NO,Europe
Kingdom of Norway,2,7.594,1.456,0.861,0.686,0.34,0.286,2018,NO,Europe
Kingdom of Norway,3,7.554,1.488,1.028,0.603,0.341,0.271,2019,NO,Europe
Kingdom of Saudi Arabia,35,6.411,1.39541,0.72025,0.31048,0.32524,0.13706,2015,SA,Asia
Kingdom of Saudi Arabia,34,6.379,1.48953,0.59267,0.37904,0.30008,0.15457,2016,SA,Asia
Kingdom of Saudi Arabia,37,6.3439998626709,1.53062355518341,0.590148329734802,0.449750572443008,0.27343225479126,0.147616013884544,2017,SA,Asia
Kingdom of Saudi Arabia,33,6.371,1.379,0.633,0.509,0.127,0.098,2018,SA,Asia
Kingdom of Saudi Arabia,28,6.375,1.403,0.795,0.439,0.132,0.08,2019,SA,Asia
Kingdom of Spain,36,6.329,1.23011,0.95562,0.45951,0.06398,0.18227,2015,ES,Europe
Kingdom of Spain,37,6.361,1.34253,0.87896,0.37545,0.06137,0.17665,2016,ES,Europe
Kingdom of Spain,34,6.40299987792969,1.38439786434174,0.888960599899292,0.408781230449677,0.0709140971302986,0.190133571624756,2017,ES,Europe
Kingdom of Spain,36,6.31,1.251,0.965,0.449,0.074,0.142,2018,ES,Europe
Kingdom of Spain,30,6.354,1.286,1.062,0.362,0.079,0.153,2019,ES,Europe
Kingdom of Sweden,8,7.364,1.33171,0.91087,0.6598,0.43844,0.36262,2015,SE,Europe
Kingdom of Sweden,10,7.291,1.45181,0.83121,0.58218,0.40867,0.38254,2016,SE,Europe
Kingdom of Sweden,9,7.28399991989136,1.49438726902008,0.830875158309937,0.612924098968506,0.384398728609085,0.385399252176285,2017,SE,Europe
Kingdom of Sweden,9,7.314,1.355,0.913,0.659,0.383,0.285,2018,SE,Europe
Kingdom of Sweden,7,7.343,1.387,1.009,0.574,0.373,0.267,2019,SE,Europe
Kingdom of Thailand,34,6.455,0.9669,0.7385,0.55664,0.03187,0.5763,2015,TH,Asia
Kingdom of Thailand,33,6.474,1.0893,0.64915,0.49553,0.02833,0.58696,2016,TH,Asia
Kingdom of Thailand,32,6.42399978637695,1.12786877155304,0.647239029407501,0.580200731754303,0.0316127352416515,0.572123110294342,2017,TH,Asia
Kingdom of Thailand,46,6.072,1.016,0.707,0.637,0.029,0.364,2018,TH,Asia
Kingdom of Thailand,52,6.008,1.05,0.828,0.557,0.028,0.359,2019,TH,Asia
Kingdom of the Netherlands,7,7.378,1.32944,0.89284,0.61576,0.31814,0.4761,2015,NL,Europe
Kingdom of the Netherlands,7,7.339,1.46468,0.81231,0.55211,0.29927,0.47416,2016,NL,Europe
Kingdom of the Netherlands,6,7.3769998550415,1.50394463539124,0.810696125030518,0.585384488105774,0.282661825418472,0.470489829778671,2017,NL,Europe
Kingdom of the Netherlands,6,7.441,1.361,0.878,0.638,0.295,0.333,2018,NL,Europe
Kingdom of the Netherlands,5,7.488,1.396,0.999,0.557,0.298,0.322,2019,NL,Europe
Kyrgyz Republic,77,5.286,0.47428,0.65088,0.43477,0.04232,0.3003,2015,KG,Asia
Kyrgyz Republic,85,5.185,0.56044,0.55449,0.40212,0.04762,0.38432,2016,KG,Asia
Kyrgyz Republic,98,5.00400018692017,0.596220076084137,0.553457796573639,0.454943388700485,0.0394391790032387,0.42858037352562,2017,KG,Asia
Kyrgyz Republic,92,5.131,0.53,0.594,0.54,0.035,0.281,2018,KG,Asia
Kyrgyz Republic,86,5.261,0.551,0.723,0.508,0.023,0.3,2019,KG,Asia
Lao People's Democratic Republic,99,4.876,0.59066,0.54909,0.59591,0.24249,0.42192,2015,LA,Asia
Lao People's Democratic Republic,102,4.876,0.68042,0.38291,0.52168,0.22423,0.43079,2016,LA,Asia
Lao People's Democratic Republic,110,4.623,0.72,0.441,0.626,0.174,0.23,2018,LA,Asia
Lao People's Democratic Republic,105,4.796,0.764,0.551,0.547,0.164,0.266,2019,LA,Asia
Lebanese Republic,103,4.839,1.02564,0.83947,0.33916,0.04582,0.21854,2015,LB,Asia
Lebanese Republic,93,5.129,1.12268,0.76171,0.26228,0.03061,0.23693,2016,LB,Asia
Lebanese Republic,88,5.22499990463257,1.07498753070831,0.735081076622009,0.288515985012054,0.037513829767704,0.264450758695602,2017,LB,Asia
Lebanese Republic,80,5.358,0.965,0.785,0.503,0.136,0.214,2018,LB,Asia
Lebanese Republic,91,5.197,0.987,0.815,0.216,0.027,0.166,2019,LB,Asia
Malaysia,61,5.77,1.12486,0.72394,0.53024,0.10501,0.33075,2015,MY,Asia
Malaysia,47,6.005,1.25142,0.62366,0.39031,0.09081,0.41474,2016,MY,Asia
Malaysia,42,6.08400011062622,1.29121541976929,0.618784427642822,0.402264982461929,0.0656007081270218,0.416608929634094,2017,MY,Asia
Malaysia,35,6.322,1.161,0.669,0.356,0.059,0.311,2018,MY,Asia
Malaysia,80,5.339,1.221,0.828,0.508,0.024,0.26,2019,MY,Asia
Mongolia,100,4.874,0.82819,0.60268,0.43626,0.02666,0.3323,2015,MN,Asia
Mongolia,101,4.907,0.98853,0.55469,0.35972,0.03285,0.34539,2016,MN,Asia
Mongolia,100,4.95499992370605,1.02723586559296,0.557783484458923,0.394143968820572,0.0329022891819477,0.338464230298996,2017,MN,Asia
Mongolia,94,5.125,0.914,0.575,0.395,0.032,0.253,2018,MN,Asia
Mongolia,83,5.285,0.948,0.667,0.317,0.038,0.235,2019,MN,Asia
Montenegro,82,5.192,0.97438,0.72521,0.1826,0.14296,0.1614,2015,ME,Europe
Montenegro,88,5.161,1.07838,0.63533,0.15111,0.12721,0.17191,2016,ME,Europe
Montenegro,83,5.23699998855591,1.12112903594971,0.667464673519135,0.194989055395126,0.0881741940975189,0.197911024093628,2017,ME,Europe
Montenegro,81,5.347,1.017,0.729,0.259,0.081,0.111,2018,ME,Europe
Montenegro,73,5.523,1.051,0.871,0.197,0.08,0.142,2019,ME,Europe
New Zealand,9,7.286,1.25018,0.90837,0.63938,0.42922,0.47501,2015,NZ,Oceania
New Zealand,8,7.334,1.36066,0.83096,0.58147,0.41904,0.49401,2016,NZ,Oceania
New Zealand,8,7.31400012969971,1.40570604801178,0.816759705543518,0.614062130451202,0.382816702127457,0.500005125999451,2017,NZ,Oceania
New Zealand,8,7.324,1.268,0.876,0.669,0.389,0.365,2018,NZ,Oceania
New Zealand,8,7.307,1.303,1.026,0.585,0.38,0.33,2019,NZ,Oceania
Oriental Republic of Uruguay,32,6.485,1.06166,0.8116,0.60362,0.24558,0.2324,2015,UY,America
Oriental Republic of Uruguay,29,6.545,1.18157,0.72183,0.54388,0.21394,0.18056,2016,UY,America
Oriental Republic of Uruguay,28,6.4539999961853,1.21755969524384,0.719216823577881,0.57939225435257,0.178061872720718,0.175096929073334,2017,UY,America
Oriental Republic of Uruguay,31,6.379,1.093,0.771,0.625,0.155,0.13,2018,UY,America
Oriental Republic of Uruguay,33,6.293,1.124,0.891,0.523,0.15,0.127,2019,UY,America
People's Democratic Republic of Algeria,68,5.605,0.93929,0.61766,0.28579,0.17383,0.07822,2015,DZ,Africa
People's Democratic Republic of Algeria,38,6.355,1.05266,0.61804,0.21006,0.16157,0.07044,2016,DZ,Africa
People's Democratic Republic of Algeria,53,5.87200021743774,1.09186446666718,0.617584645748138,0.233335807919502,0.146096110343933,0.0694366469979286,2017,DZ,Africa
People's Democratic Republic of Algeria,84,5.295,0.979,0.687,0.077,0.135,0.055,2018,DZ,Africa
People's Democratic Republic of Algeria,88,5.211,1.002,0.785,0.086,0.114,0.073,2019,DZ,Africa
People's Republic of Bangladesh,109,4.694,0.39753,0.60164,0.4082,0.12569,0.21222,2015,BD,Asia
People's Republic of Bangladesh,110,4.643,0.54177,0.52989,0.39778,0.12583,0.19132,2016,BD,Asia
People's Republic of Bangladesh,110,4.60799980163574,0.586682975292206,0.533241033554077,0.478356659412384,0.123717859387398,0.172255352139473,2017,BD,Asia
People's Republic of Bangladesh,115,4.5,0.532,0.579,0.58,0.144,0.153,2018,BD,Asia
People's Republic of Bangladesh,125,4.456,0.562,0.723,0.527,0.143,0.166,2019,BD,Asia
People's Republic of China,84,5.14,0.89012,0.81658,0.51697,0.02781,0.08185,2015,CN,Asia
People's Republic of China,83,5.245,1.0278,0.73561,0.44012,0.02745,0.04959,2016,CN,Asia
People's Republic of China,79,5.27299976348877,1.08116579055786,0.741415500640869,0.472787708044052,0.0227942746132612,0.0288068410009146,2017,CN,Asia
People's Republic of China,86,5.246,0.989,0.799,0.597,0.103,0.029,2018,CN,Asia
People's Republic of China,93,5.191,1.029,0.893,0.521,0.1,0.058,2019,CN,Asia
Plurinational State of Bolivia,51,5.89,0.68133,0.5392,0.57414,0.088,0.20536,2015,BO,America
Plurinational State of Bolivia,59,5.822,0.79422,0.4697,0.50961,0.07746,0.21698,2016,BO,America
Plurinational State of Bolivia,58,5.82299995422363,0.833756566047668,0.473630249500275,0.558732926845551,0.0604777261614799,0.22556072473526,2017,BO,America
Plurinational State of Bolivia,62,5.752,0.751,0.508,0.606,0.054,0.141,2018,BO,America
Plurinational State of Bolivia,61,5.779,0.776,0.706,0.511,0.064,0.137,2019,BO,America
Portuguese Republic,88,5.102,1.15991,0.87519,0.51469,0.01078,0.13719,2015,PT,Europe
Portuguese Republic,94,5.123,1.27607,0.79363,0.44727,0.01521,0.11691,2016,PT,Europe
Portuguese Republic,89,5.19500017166138,1.3151752948761,0.795843541622162,0.498465299606323,0.0158694516867399,0.0951027125120163,2017,PT,Europe
Portuguese Republic,77,5.41,1.188,0.884,0.562,0.017,0.055,2018,PT,Europe
Portuguese Republic,66,5.693,1.221,0.999,0.508,0.025,0.047,2019,PT,Europe
Puerto Rico,15,7.039,1.35943,0.77758,0.46823,0.12275,0.22202,2016,PR,America
Republic of Albania,95,4.959,0.87867,0.81325,0.35733,0.06413,0.14272,2015,AL,Europe
Republic of Albania,109,4.655,0.9553,0.73007,0.31866,0.05301,0.1684,2016,AL,Europe
Republic of Albania,109,4.64400005340576,0.996192753314972,0.731159746646881,0.381498634815216,0.0398642159998417,0.201312944293022,2017,AL,Europe
Republic of Albania,112,4.586,0.916,0.79,0.419,0.032,0.149,2018,AL,Europe
Republic of Albania,107,4.719,0.947,0.874,0.383,0.027,0.178,2019,AL,Europe
Republic of Angola,137,4.033,0.75778,0.16683,0.10384,0.07122,0.12344,2015,AO,Africa
Republic of Angola,141,3.866,0.84731,0.04991,0.00589,0.08434,0.12071,2016,AO,Africa
Republic of Angola,140,3.79500007629395,0.858428180217743,0.0498686656355858,0.0,0.0697203353047371,0.097926490008831,2017,AO,Africa
Republic of Angola,142,3.795,0.73,0.269,0.0,0.061,0.079,2018,AO,Africa
Republic of Armenia,127,4.35,0.76821,0.7299,0.19847,0.039,0.07855,2015,AM,Asia
Republic of Armenia,121,4.36,0.86086,0.64083,0.14037,0.03616,0.07793,2016,AM,Asia
Republic of Armenia,121,4.37599992752075,0.900596737861633,0.637524425983429,0.198303267359734,0.0266744215041399,0.0834880918264389,2017,AM,Asia
Republic of Armenia,129,4.321,0.816,0.666,0.26,0.028,0.077,2018,AM,Asia
Republic of Armenia,116,4.559,0.85,0.815,0.283,0.064,0.095,2019,AM,Asia
Republic of Austria,13,7.2,1.33723,0.89042,0.62433,0.18676,0.33088,2015,AT,Europe
Republic of Austria,12,7.119,1.45038,0.80565,0.54355,0.21348,0.32865,2016,AT,Europe
Republic of Austria,13,7.00600004196167,1.48709726333618,0.815328419208527,0.567766189575195,0.221060365438461,0.316472321748734,2017,AT,Europe
Republic of Austria,12,7.139,1.341,0.891,0.617,0.224,0.242,2018,AT,Europe
Republic of Austria,10,7.246,1.376,1.016,0.532,0.226,0.244,2019,AT,Europe
Republic of Azerbaijan,80,5.212,1.02389,0.64045,0.3703,0.16065,0.07799,2015,AZ,Asia
Republic of Azerbaijan,81,5.291,1.12373,0.54504,0.35327,0.17914,0.0564,2016,AZ,Asia
Republic of Azerbaijan,85,5.23400020599365,1.15360176563263,0.540775775909424,0.398155838251114,0.180987507104874,0.0452693402767181,2017,AZ,Asia
Republic of Azerbaijan,87,5.201,1.024,0.603,0.43,0.176,0.031,2018,AZ,Asia
Republic of Azerbaijan,90,5.208,1.043,0.769,0.351,0.182,0.035,2019,AZ,Asia
Republic of Belarus,59,5.813,1.03192,0.73608,0.37938,0.1909,0.11046,2015,BY,Europe
Republic of Belarus,61,5.802,1.13062,0.63104,0.29091,0.17457,0.13942,2016,BY,Europe
Republic of Belarus,67,5.56899976730347,1.15655755996704,0.637714266777039,0.295400261878967,0.156313821673393,0.15513750910759,2017,BY,Europe
Republic of Belarus,73,5.483,1.039,0.7,0.307,0.154,0.101,2018,BY,Europe
Republic of Belarus,81,5.323,1.067,0.789,0.235,0.142,0.094,2019,BY,Europe
Republic of Benin,155,3.34,0.28665,0.3191,0.4845,0.0801,0.1826,2015,BJ,Africa
Republic of Benin,153,3.484,0.39499,0.21028,0.39747,0.06681,0.2018,2016,BJ,Africa
Republic of Benin,143,3.65700006484985,0.431085407733917,0.209930211305618,0.425962775945663,0.0609290152788162,0.207948461174965,2017,BJ,Africa
Republic of Benin,136,4.141,0.378,0.24,0.44,0.067,0.163,2018,BJ,Africa
Republic of Benin,102,4.883,0.393,0.397,0.349,0.082,0.175,2019,BJ,Africa
Republic of Botswana,128,4.332,0.99355,0.04776,0.49495,0.12474,0.10461,2015,BW,Africa
Republic of Botswana,137,3.974,1.09426,0.34752,0.44089,0.10769,0.12425,2016,BW,Africa
Republic of Botswana,142,3.76600003242493,1.12209415435791,0.341755509376526,0.505196332931519,0.0985831990838051,0.0993484482169151,2017,BW,Africa
Republic of Botswana,146,3.59,1.017,0.417,0.557,0.092,0.042,2018,BW,Africa
Republic of Botswana,148,3.488,1.041,0.538,0.455,0.1,0.025,2019,BW,Africa
Republic of Bulgaria,134,4.218,1.01216,0.76649,0.30587,0.00872,0.11921,2015,BG,Europe
Republic of Bulgaria,129,4.217,1.11306,0.67806,0.21219,0.00615,0.12793,2016,BG,Europe
Republic of Bulgaria,105,4.71400022506714,1.1614590883255,0.708217680454254,0.289231717586517,0.0110515309497714,0.113177694380283,2017,BG,Europe
Republic of Bulgaria,100,4.933,1.054,0.712,0.359,0.009,0.064,2018,BG,Europe
Republic of Bulgaria,97,5.011,1.092,0.815,0.311,0.004,0.081,2019,BG,Europe
Republic of Burundi,157,2.905,0.0153,0.22396,0.1185,0.10062,0.19727,2015,BI,Africa
Republic of Burundi,157,2.905,0.06831,0.15747,0.0432,0.09419,0.2029,2016,BI,Africa
Republic of Burundi,154,2.90499997138977,0.091622568666935,0.151610791683197,0.0599007532000542,0.0841479450464249,0.204435184597969,2017,BI,Africa
Republic of Burundi,156,2.905,0.091,0.145,0.065,0.076,0.149,2018,BI,Africa
Republic of Burundi,145,3.775,0.046,0.38,0.22,0.18,0.176,2019,BI,Africa
Republic of Cameroon,133,4.252,0.4225,0.23402,0.49309,0.05786,0.20618,2015,CM,Africa
Republic of Cameroon,114,4.513,0.52497,0.12698,0.42736,0.06126,0.2268,2016,CM,Africa
Republic of Cameroon,107,4.69500017166138,0.564305365085602,0.132892116904259,0.430388748645782,0.0513066314160824,0.236298456788063,2017,CM,Africa
Republic of Cameroon,99,4.975,0.535,0.182,0.454,0.043,0.183,2018,CM,Africa
Republic of Cameroon,96,5.044,0.549,0.331,0.381,0.037,0.187,2019,CM,Africa
Republic of Chad,149,3.667,0.34193,0.1501,0.23501,0.05269,0.18386,2015,TD,Africa
Republic of Chad,144,3.763,0.42214,0.03824,0.12807,0.04952,0.18667,2016,TD,Africa
Republic of Chad,137,3.93600010871887,0.438012987375259,0.0411347150802612,0.16234202682972,0.0535818822681904,0.216113850474358,2017,TD,Africa
Republic of Chad,131,4.301,0.358,0.053,0.189,0.06,0.181,2018,TD,Africa
Republic of Chad,132,4.35,0.35,0.192,0.174,0.078,0.198,2019,TD,Africa
Republic of Chile,27,6.67,1.10715,0.85857,0.44132,0.12869,0.33363,2015,CL,America
Republic of Chile,24,6.705,1.2167,0.81883,0.37789,0.11451,0.31595,2016,CL,America
Republic of Chile,20,6.65199995040894,1.25278460979462,0.819479703903198,0.376895278692245,0.0822879821062088,0.326662421226501,2017,CL,America
Republic of Chile,25,6.476,1.131,0.808,0.431,0.061,0.197,2018,CL,America
Republic of Chile,26,6.444,1.159,0.92,0.357,0.056,0.187,2019,CL,America
Republic of China,38,6.298,1.29098,0.8753,0.3974,0.08129,0.25376,2015,TW,Asia
Republic of China,34,6.379,1.39729,0.79565,0.32377,0.0663,0.25495,2016,TW,Asia
Republic of China,33,6.42199993133545,1.43362653255463,0.793984234333038,0.361466586589813,0.0638292357325554,0.258360475301743,2017,TW,Asia
Republic of China,26,6.441,1.365,0.857,0.418,0.078,0.151,2018,TW,Asia
Republic of China,25,6.446,1.368,0.914,0.351,0.097,0.242,2019,TW,Asia
Republic of Colombia,33,6.477,0.91861,0.69077,0.53466,0.0512,0.18401,2015,CO,America
Republic of Colombia,31,6.481,1.03032,0.59659,0.44735,0.05399,0.15626,2016,CO,America
Republic of Colombia,36,6.35699987411499,1.07062232494354,0.595027923583984,0.477487415075302,0.0466687418520451,0.149014472961426,2017,CO,America
Republic of Colombia,37,6.26,0.96,0.635,0.531,0.039,0.099,2018,CO,America
Republic of Colombia,43,6.125,0.985,0.841,0.47,0.034,0.099,2019,CO,America
Republic of Costa Rica,12,7.226,0.95578,0.86027,0.63376,0.10583,0.25497,2015,CR,America
Republic of Costa Rica,14,7.087,1.06879,0.76146,0.55225,0.10547,0.22553,2016,CR,America
Republic of Costa Rica,12,7.0789999961853,1.10970628261566,0.759509265422821,0.580131649971008,0.100106589496136,0.214613229036331,2017,CR,America
Republic of Costa Rica,13,7.072,1.01,0.817,0.632,0.101,0.143,2018,CR,America
Republic of Costa Rica,12,7.167,1.034,0.963,0.558,0.093,0.144,2019,CR,America
Republic of Croatia,62,5.759,1.08254,0.78805,0.25883,0.0243,0.05444,2015,HR,Europe
Republic of Croatia,74,5.488,1.18649,0.70524,0.23907,0.04002,0.18434,2016,HR,Europe
Republic of Croatia,77,5.29300022125244,1.22255623340607,0.701288521289825,0.255772292613983,0.0431031100451946,0.248002976179123,2017,HR,Europe
Republic of Croatia,82,5.321,1.115,0.737,0.38,0.039,0.12,2018,HR,Europe
Republic of Croatia,75,5.432,1.155,0.914,0.296,0.022,0.119,2019,HR,Europe
Republic of Cyprus,66,5.695,1.20806,0.92356,0.49027,0.1428,0.26169,2015,CY,Asia
Republic of Cyprus,67,5.689,1.20813,0.92356,0.40672,0.06146,0.30638,2015,CY,Asia
Republic of Cyprus,62,5.771,1.31141,0.84142,0.43596,0.16578,0.26322,2016,CY,Asia
Republic of Cyprus,69,5.546,1.31857,0.8488,0.29507,0.05228,0.27906,2016,CY,Asia
Republic of Cyprus,61,5.80999994277954,1.3469113111496,0.834647238254547,0.471203625202179,0.155353352427483,0.266845703125,2017,CY,Asia
Republic of Cyprus,65,5.62099981307983,1.35593807697296,0.84471470117569,0.355111539363861,0.0412379764020443,0.271254301071167,2017,CY,Asia
Republic of Cyprus,58,5.835,1.229,0.909,0.495,0.154,0.179,2018,CY,Asia
Republic of Cyprus,61,5.762,1.229,0.909,0.423,0.035,0.202,2018,CY,Asia
Republic of Cyprus,49,6.046,1.263,1.042,0.406,0.041,0.19,2019,CY,Asia
Republic of Cyprus,64,5.718,1.263,1.042,0.417,0.162,0.191,2019,CY,Asia
Republic of Côte d'Ivoire,151,3.655,0.46534,0.15185,0.46866,0.17922,0.20165,2015,CI,Africa
Republic of Côte d'Ivoire,139,3.916,0.55507,0.04476,0.40663,0.1553,0.20338,2016,CI,Africa
Republic of Côte d'Ivoire,128,4.17999982833862,0.603048920631409,0.0486421696841717,0.447706192731857,0.130061775445938,0.201237469911575,2017,CI,Africa
Republic of Côte d'Ivoire,107,4.671,0.541,0.08,0.467,0.103,0.146,2018,CI,Africa
Republic of Côte d'Ivoire,99,4.944,0.569,0.232,0.352,0.09,0.154,2019,CI,Africa
Republic of Djibouti,126,4.369,0.44025,0.36291,0.46074,0.28105,0.18093,2015,DJ,Africa
Republic of Ecuador,48,5.975,0.86402,0.79075,0.48574,0.1809,0.11541,2015,EC,America
Republic of Ecuador,51,5.976,0.97306,0.68613,0.4027,0.18037,0.10074,2016,EC,America
Republic of Ecuador,44,6.00799989700317,1.00082039833069,0.685636222362518,0.4551981985569,0.140134647488594,0.150112465023994,2017,EC,America
Republic of Ecuador,48,5.973,0.889,0.736,0.556,0.12,0.114,2018,EC,America
Republic of Ecuador,50,6.028,0.912,0.868,0.498,0.087,0.126,2019,EC,America
Republic of El Salvador,42,6.13,0.76454,0.67737,0.4035,0.11776,0.10692,2015,SV,America
Republic of El Salvador,46,6.068,0.8737,0.596,0.37269,0.10613,0.08877,2016,SV,America
Republic of El Salvador,45,6.00299978256226,0.909784495830536,0.596018552780151,0.432452529668808,0.0899809598922729,0.0782579854130745,2017,SV,America
Republic of El Salvador,40,6.167,0.806,0.639,0.461,0.082,0.065,2018,SV,America
Republic of El Salvador,35,6.253,0.794,0.789,0.43,0.074,0.093,2019,SV,America
Republic of Estonia,73,5.429,1.15174,0.77361,0.44888,0.15184,0.0868,2015,EE,Europe
Republic of Estonia,72,5.517,1.27964,0.68098,0.41511,0.18519,0.08423,2016,EE,Europe
Republic of Estonia,66,5.61100006103516,1.32087934017181,0.695168316364288,0.479131430387497,0.183248922228813,0.0988908112049103,2017,EE,Europe
Republic of Estonia,63,5.739,1.2,0.737,0.553,0.174,0.086,2018,EE,Europe
Republic of Estonia,55,5.893,1.237,0.874,0.495,0.161,0.103,2019,EE,Europe
Republic of Finland,6,7.406,1.29025,0.88911,0.64169,0.41372,0.23351,2015,FI,Europe
Republic of Finland,5,7.413,1.40598,0.81091,0.57104,0.41004,0.25492,2016,FI,Europe
Republic of Finland,5,7.4689998626709,1.44357192516327,0.80915766954422,0.617950856685638,0.38261154294014,0.24548277258873,2017,FI,Europe
Republic of Finland,1,7.632,1.305,0.874,0.681,0.393,0.202,2018,FI,Europe
Republic of Finland,1,7.769,1.34,0.986,0.596,0.393,0.153,2019,FI,Europe
Republic of Ghana,114,4.633,0.54558,0.40132,0.42342,0.04355,0.23087,2015,GH,Africa
Republic of Ghana,124,4.276,0.63107,0.29681,0.40973,0.0326,0.21203,2016,GH,Africa
Republic of Ghana,131,4.11999988555908,0.667224824428558,0.295637726783752,0.423026293516159,0.0253363698720932,0.256923943758011,2017,GH,Africa
Republic of Ghana,108,4.657,0.592,0.337,0.499,0.029,0.212,2018,GH,Africa
Republic of Ghana,98,4.996,0.611,0.486,0.381,0.04,0.245,2019,GH,Africa
Republic of Guatemala,43,6.123,0.74553,0.64425,0.57733,0.09472,0.27489,2015,GT,America
Republic of Guatemala,39,6.324,0.83454,0.54039,0.50379,0.08701,0.28808,2016,GT,America
Republic of Guatemala,29,6.4539999961853,0.872001945972443,0.540239989757538,0.531310617923737,0.0772232785820961,0.283488392829895,2017,GT,America
Republic of Guatemala,30,6.382,0.781,0.608,0.604,0.071,0.179,2018,GT,America
Republic of Guatemala,27,6.436,0.8,0.746,0.535,0.078,0.175,2019,GT,America
Republic of Guinea,150,3.656,0.17417,0.24009,0.37725,0.12139,0.28657,2015,GN,Africa
Republic of Guinea,151,3.607,0.22415,0.18829,0.30953,0.1192,0.29914,2016,GN,Africa
Republic of Guinea,149,3.50699996948242,0.244549930095673,0.194129139184952,0.348587512969971,0.110937617719173,0.264815092086792,2017,GN,Africa
Republic of Guinea,140,3.964,0.344,0.211,0.394,0.094,0.185,2018,GN,Africa
Republic of Guinea,118,4.534,0.38,0.375,0.332,0.086,0.207,2019,GN,Africa
Republic of Haiti,119,4.518,0.26673,0.38847,0.24425,0.17175,0.46187,2015,HT,America
Republic of Haiti,136,4.028,0.34097,0.27494,0.12072,0.14476,0.47958,2016,HT,America
Republic of Haiti,145,3.6029999256134,0.368610262870789,0.277321130037308,0.0303698573261499,0.0998721495270729,0.489203780889511,2017,HT,America
Republic of Haiti,148,3.582,0.315,0.289,0.025,0.104,0.392,2018,HT,America
Republic of Haiti,147,3.597,0.323,0.449,0.026,0.11,0.419,2019,HT,America
Republic of Honduras,105,4.788,0.59532,0.6951,0.40148,0.06825,0.23027,2015,HN,America
Republic of Honduras,104,4.871,0.69429,0.58383,0.26755,0.06906,0.2044,2016,HN,America
Republic of Honduras,91,5.18100023269653,0.730573117733002,0.582569479942322,0.348079860210419,0.0733454525470734,0.236188873648643,2017,HN,America
Republic of Honduras,72,5.504,0.62,0.622,0.459,0.074,0.197,2018,HN,America
Republic of Honduras,59,5.86,0.642,0.828,0.507,0.078,0.246,2019,HN,America
Republic of Hungary,104,4.8,1.12094,0.75905,0.32112,0.02758,0.128,2015,HU,Europe
Republic of Hungary,91,5.145,1.24142,0.67608,0.1977,0.04472,0.099,2016,HU,Europe
Republic of Hungary,75,5.32399988174438,1.2860119342804,0.687763452529907,0.175863519310951,0.0366369374096394,0.0784016624093056,2017,HU,Europe
Republic of Hungary,69,5.62,1.171,0.732,0.259,0.022,0.061,2018,HU,Europe
Republic of Hungary,62,5.758,1.201,0.828,0.199,0.02,0.081,2019,HU,Europe
Republic of Iceland,2,7.561,1.30232,0.94784,0.62877,0.14145,0.4363,2015,IS,Europe
Republic of Iceland,3,7.501,1.42666,0.86733,0.56624,0.14975,0.47678,2016,IS,Europe
Republic of Iceland,3,7.50400018692017,1.480633020401,0.833552122116089,0.627162635326385,0.153526559472084,0.475540220737457,2017,IS,Europe
Republic of Iceland,4,7.495,1.343,0.914,0.677,0.138,0.353,2018,IS,Europe
Republic of Iceland,4,7.494,1.38,1.026,0.591,0.118,0.354,2019,IS,Europe
Republic of India,117,4.565,0.64499,0.51529,0.39786,0.08492,0.26475,2015,IN,Asia
Republic of India,118,4.404,0.74036,0.45091,0.40285,0.08722,0.25028,2016,IN,Asia
Republic of India,122,4.31500005722046,0.792221248149872,0.455427616834641,0.469987004995346,0.0922268852591515,0.231538489460945,2017,IN,Asia
Republic of India,133,4.19,0.721,0.485,0.539,0.093,0.172,2018,IN,Asia
Republic of India,140,4.015,0.755,0.588,0.498,0.085,0.2,2019,IN,Asia
Republic of Indonesia,74,5.399,0.82827,0.63793,0.46611,0.0,0.51535,2015,ID,Asia
Republic of Indonesia,79,5.314,0.95104,0.49374,0.39237,0.00322,0.56521,2016,ID,Asia
Republic of Indonesia,81,5.26200008392334,0.995538592338562,0.492345720529556,0.443323463201523,0.0153171354904771,0.611704587936401,2017,ID,Asia
Republic of Indonesia,96,5.093,0.899,0.522,0.538,0.018,0.484,2018,ID,Asia
Republic of Indonesia,92,5.192,0.931,0.66,0.491,0.028,0.498,2019,ID,Asia
Republic of Iraq,112,4.677,0.98549,0.60237,0.0,0.13788,0.17922,2015,IQ,Asia
Republic of Iraq,112,4.575,1.07474,0.51076,0.24856,0.13636,0.19589,2016,IQ,Asia
Republic of Iraq,117,4.49700021743774,1.10271048545837,0.501180469989777,0.288555532693863,0.107215754687786,0.19963726401329,2017,IQ,Asia
Republic of Iraq,117,4.456,1.01,0.536,0.304,0.095,0.148,2018,IQ,Asia
Republic of Iraq,126,4.437,1.043,0.574,0.241,0.089,0.148,2019,IQ,Asia
Republic of Kazakhstan,54,5.855,1.12254,0.64368,0.51649,0.08454,0.11827,2015,KZ,Asia
Republic of Kazakhstan,54,5.919,1.22943,0.57386,0.4052,0.11132,0.15011,2016,KZ,Asia
Republic of Kazakhstan,60,5.81899976730347,1.28455626964569,0.606041550636292,0.437454283237457,0.119282886385918,0.201964423060417,2017,KZ,Asia
Republic of Kazakhstan,60,5.79,1.143,0.631,0.454,0.121,0.148,2018,KZ,Asia
Republic of Kazakhstan,60,5.809,1.173,0.729,0.41,0.096,0.146,2019,KZ,Asia
Republic of Kenya,125,4.419,0.36471,0.41435,0.42215,0.05839,0.37542,2015,KE,Africa
Republic of Kenya,122,4.356,0.52267,0.30147,0.40576,0.06686,0.41328,2016,KE,Africa
Republic of Kenya,112,4.55299997329712,0.560479462146759,0.309988349676132,0.452763766050339,0.0646413192152977,0.444860309362411,2017,KE,Africa
Republic of Kenya,124,4.41,0.493,0.454,0.504,0.055,0.352,2018,KE,Africa
Republic of Kenya,121,4.509,0.512,0.581,0.431,0.053,0.372,2019,KE,Africa
Republic of Korea,47,5.984,1.24461,0.96538,0.33208,0.07857,0.18557,2015,KR,Asia
Republic of Korea,57,5.835,1.35948,0.88645,0.25168,0.07716,0.18824,2016,KR,Asia
Republic of Korea,55,5.83799982070923,1.40167844295502,0.900214076042175,0.257921665906906,0.0632826685905457,0.206674367189407,2017,KR,Asia
Republic of Korea,57,5.875,1.266,0.955,0.244,0.051,0.175,2018,KR,Asia
Republic of Korea,54,5.895,1.301,1.036,0.159,0.056,0.175,2019,KR,Asia
Republic of Kosovo,69,5.589,0.80148,0.63132,0.24749,0.04741,0.2831,2015,XK,Europe
Republic of Kosovo,77,5.401,0.90145,0.54,0.14396,0.06547,0.27992,2016,XK,Europe
Republic of Kosovo,78,5.27899980545044,0.951484382152557,0.541452050209045,0.260287940502167,0.0574716180562973,0.319931447505951,2017,XK,Europe
Republic of Kosovo,66,5.662,0.855,0.578,0.448,0.023,0.274,2018,XK,Europe
Republic of Kosovo,46,6.1,0.882,0.758,0.489,0.006,0.262,2019,XK,Europe
Republic of Latvia,89,5.098,1.11312,0.72437,0.29671,0.06332,0.18226,2015,LV,Europe
Republic of Latvia,68,5.56,1.21788,0.63952,0.27996,0.0889,0.17445,2016,LV,Europe
Republic of Latvia,54,5.84999990463257,1.26074862480164,0.638566970825195,0.325707912445068,0.0738427266478539,0.153074786067009,2017,LV,Europe
Republic of Latvia,53,5.933,1.148,0.671,0.363,0.066,0.092,2018,LV,Europe
Republic of Latvia,53,5.94,1.187,0.812,0.264,0.064,0.075,2019,LV,Europe
Republic of Liberia,116,4.571,0.0712,0.34201,0.28531,0.06232,0.24362,2015,LR,Africa
Republic of Liberia,150,3.622,0.10706,0.23165,0.25748,0.04852,0.24063,2016,LR,Africa
Republic of Liberia,148,3.53299999237061,0.119041793048382,0.229918196797371,0.332881182432175,0.0389482490718365,0.26654988527298,2017,LR,Africa
Republic of Liberia,149,3.495,0.076,0.267,0.419,0.03,0.206,2018,LR,Africa
Republic of Liberia,141,3.975,0.073,0.443,0.37,0.033,0.233,2019,LR,Africa
Republic of Lithuania,56,5.833,1.14723,0.73128,0.21342,0.01031,0.02641,2015,LT,Europe
Republic of Lithuania,60,5.813,1.2692,0.64674,0.18929,0.0182,0.02025,2016,LT,Europe
Republic of Lithuania,52,5.90199995040894,1.31458234786987,0.62894994020462,0.234231784939766,0.0118656428530812,0.010164656676352,2017,LT,Europe
Republic of Lithuania,50,5.952,1.197,0.716,0.35,0.006,0.026,2018,LT,Europe
Republic of Lithuania,42,6.149,1.238,0.818,0.291,0.042,0.043,2019,LT,Europe
Republic of Madagascar,147,3.681,0.20824,0.46721,0.19184,0.08124,0.21333,2015,MG,Africa
Republic of Madagascar,148,3.695,0.27954,0.37109,0.13684,0.07506,0.2204,2016,MG,Africa
Republic of Madagascar,144,3.64400005340576,0.305808693170547,0.375223308801651,0.189196765422821,0.0672319754958153,0.208732530474663,2017,MG,Africa
Republic of Madagascar,143,3.774,0.262,0.402,0.221,0.049,0.155,2018,MG,Africa
Republic of Madagascar,143,3.933,0.274,0.555,0.148,0.041,0.169,2019,MG,Africa
Republic of Malawi,131,4.292,0.01604,0.22562,0.43054,0.06977,0.33128,2015,MW,Africa
Republic of Malawi,132,4.156,0.08709,0.29364,0.4143,0.07564,0.30968,2016,MW,Africa
Republic of Malawi,136,3.97000002861023,0.233442038297653,0.315089583396912,0.466914653778076,0.0727116540074348,0.287170469760895,2017,MW,Africa
Republic of Malawi,147,3.587,0.186,0.306,0.531,0.08,0.21,2018,MW,Africa
Republic of Malawi,150,3.41,0.191,0.495,0.443,0.089,0.218,2019,MW,Africa
Republic of Mali,138,3.995,0.26074,0.20583,0.38857,0.12352,0.18798,2015,ML,Africa
Republic of Mali,135,4.073,0.31292,0.16347,0.27544,0.13647,0.21064,2016,ML,Africa
Republic of Mali,127,4.19000005722046,0.476180493831635,0.169365674257278,0.306613743305206,0.104970246553421,0.183354198932648,2017,ML,Africa
Republic of Mali,118,4.447,0.37,0.152,0.367,0.056,0.139,2018,ML,Africa
Republic of Mali,128,4.39,0.385,0.308,0.327,0.052,0.153,2019,ML,Africa
Republic of Malta,37,6.302,1.2074,0.88721,0.60365,0.13586,0.51752,2015,MT,Europe
Republic of Malta,30,6.488,1.30782,0.80315,0.54994,0.17554,0.56237,2016,MT,Europe
Republic of Malta,27,6.52699995040894,1.34327983856201,0.821944236755371,0.588767051696777,0.153066068887711,0.574730575084686,2017,MT,Europe
Republic of Malta,22,6.627,1.27,0.884,0.645,0.142,0.376,2018,MT,Europe
Republic of Malta,22,6.726,1.3,0.999,0.564,0.151,0.375,2019,MT,Europe
Republic of Mauritius,71,5.477,1.00761,0.7095,0.56066,0.07521,0.37744,2015,MU,Africa
Republic of Mauritius,66,5.648,1.14372,0.66189,0.46145,0.05203,0.36951,2016,MU,Africa
Republic of Mauritius,64,5.62900018692017,1.18939554691315,0.638007462024689,0.491247326135635,0.0421815551817417,0.360933750867844,2017,MU,Africa
Republic of Mauritius,55,5.891,1.09,0.684,0.584,0.05,0.245,2018,MU,Africa
Republic of Mauritius,57,5.888,1.12,0.798,0.498,0.06,0.215,2019,MU,Africa
Republic of Moldova,52,5.889,0.59448,0.61826,0.32818,0.01615,0.20951,2015,MD,Europe
Republic of Moldova,55,5.897,0.69177,0.52309,0.25202,0.01903,0.19997,2016,MD,Europe
Republic of Moldova,56,5.83799982070923,0.728870630264282,0.589465200901031,0.240729048848152,0.0100912861526012,0.208779126405716,2017,MD,Europe
Republic of Moldova,67,5.64,0.657,0.62,0.232,0.0,0.171,2018,MD,Europe
Republic of Moldova,71,5.529,0.685,0.739,0.245,0.0,0.181,2019,MD,Europe
Republic of Mozambique,94,4.971,0.08308,0.09131,0.34037,0.15603,0.22269,2015,MZ,Africa
Republic of Mozambique,113,4.55000019073486,0.234305649995804,0.106654435396194,0.480791091918945,0.179436385631561,0.322228103876114,2017,MZ,Africa
Republic of Mozambique,123,4.417,0.198,0.173,0.531,0.158,0.206,2018,MZ,Africa
Republic of Mozambique,123,4.466,0.204,0.39,0.494,0.138,0.197,2019,MZ,Africa
Republic of Namibia,113,4.574,0.93287,0.34745,0.48614,0.10398,0.07795,2016,NA,Africa
Republic of Namibia,111,4.57399988174438,0.964434325695038,0.33861181139946,0.520303547382355,0.0931469723582268,0.0771337449550629,2017,NA,Africa
Republic of Namibia,119,4.441,0.874,0.365,0.519,0.064,0.051,2018,NA,Africa
Republic of Namibia,113,4.639,0.879,0.477,0.401,0.056,0.07,2019,NA,Africa
Republic of Nicaragua,57,5.828,0.59325,0.74314,0.55475,0.19317,0.27815,2015,NI,America
Republic of Nicaragua,48,5.992,0.69384,0.65213,0.46582,0.16292,0.29773,2016,NI,America
Republic of Nicaragua,43,6.07100009918213,0.737299203872681,0.653095960617065,0.447551846504211,0.130687981843948,0.301674216985703,2017,NI,America
Republic of Nicaragua,41,6.141,0.668,0.7,0.527,0.128,0.208,2018,NI,America
Republic of Nicaragua,45,6.105,0.694,0.835,0.435,0.127,0.2,2019,NI,America
Republic of Niger,144,3.845,0.0694,0.29707,0.47692,0.15639,0.19387,2015,NE,Africa
Republic of Niger,142,3.856,0.1327,0.26162,0.38041,0.17176,0.2097,2016,NE,Africa
Republic of Niger,135,4.02799987792969,0.161925330758095,0.26850500702858,0.36365869641304,0.138572946190834,0.228673845529556,2017,NE,Africa
Republic of Niger,134,4.166,0.131,0.221,0.39,0.099,0.175,2018,NE,Africa
Republic of Niger,114,4.628,0.138,0.366,0.318,0.102,0.188,2019,NE,Africa
Republic of North Macedonia,93,5.007,0.91851,0.73545,0.33457,0.05327,0.22359,2015,MK,Europe
Republic of North Macedonia,95,5.121,1.0193,0.64738,0.27668,0.07047,0.23507,2016,MK,Europe
Republic of North Macedonia,92,5.17500019073486,1.06457793712616,0.644948184490204,0.325905978679657,0.0602777935564518,0.25376096367836,2017,MK,Europe
Republic of North Macedonia,89,5.185,0.959,0.691,0.394,0.052,0.173,2018,MK,Europe
Republic of North Macedonia,84,5.274,0.983,0.838,0.345,0.034,0.185,2019,MK,Europe
Republic of Panama,25,6.786,1.06353,0.79661,0.5421,0.0927,0.24434,2015,PA,America
Republic of Panama,25,6.701,1.18306,0.70835,0.48927,0.08423,0.2418,2016,PA,America
Republic of Panama,30,6.4520001411438,1.23374843597412,0.706156134605408,0.550026834011078,0.070983923971653,0.21055693924427,2017,PA,America
Republic of Panama,27,6.43,1.112,0.759,0.597,0.063,0.125,2018,PA,America
Republic of Panama,31,6.321,1.149,0.91,0.516,0.054,0.109,2019,PA,America
Republic of Paraguay,53,5.878,0.75985,0.66098,0.53899,0.08242,0.3424,2015,PY,America
Republic of Paraguay,70,5.538,0.89373,0.58295,0.46235,0.07396,0.25296,2016,PY,America
Republic of Paraguay,70,5.49300003051758,0.932537317276001,0.579250693321228,0.473507791757584,0.091065913438797,0.224150657653809,2017,PY,America
Republic of Paraguay,64,5.681,0.835,0.615,0.541,0.074,0.162,2018,PY,America
Republic of Paraguay,63,5.743,0.855,0.777,0.514,0.08,0.184,2019,PY,America
Republic of Peru,58,5.824,0.90019,0.73017,0.41496,0.05989,0.14982,2015,PE,America
Republic of Peru,64,5.743,0.99602,0.62994,0.37502,0.05292,0.14527,2016,PE,America
Republic of Peru,63,5.71500015258789,1.03522527217865,0.630166113376617,0.450002878904343,0.0470490865409374,0.126819714903831,2017,PE,America
Republic of Peru,65,5.663,0.934,0.674,0.53,0.034,0.092,2018,PE,America
Republic of Peru,65,5.697,0.96,0.854,0.455,0.027,0.083,2019,PE,America
Republic of Poland,60,5.791,1.12555,0.77903,0.53122,0.04212,0.16759,2015,PL,Europe
Republic of Poland,57,5.835,1.24585,0.69058,0.4519,0.055,0.14443,2016,PL,Europe
Republic of Poland,46,5.97300004959106,1.29178786277771,0.699475347995758,0.520342111587524,0.0593078061938286,0.158465966582298,2017,PL,Europe
Republic of Poland,42,6.123,1.176,0.781,0.546,0.064,0.108,2018,PL,Europe
Republic of Poland,40,6.182,1.206,0.884,0.483,0.05,0.117,2019,PL,Europe
Republic of Rwanda,154,3.465,0.22208,0.42864,0.59201,0.55191,0.22628,2015,RW,Africa
Republic of Rwanda,152,3.515,0.32846,0.31865,0.5432,0.50521,0.23552,2016,RW,Africa
Republic of Rwanda,151,3.47099995613098,0.368745893239975,0.326424807310104,0.581843852996826,0.455220013856888,0.252756029367447,2017,RW,Africa
Republic of Rwanda,151,3.408,0.332,0.4,0.636,0.444,0.2,2018,RW,Africa
Republic of Rwanda,152,3.334,0.359,0.614,0.555,0.411,0.217,2019,RW,Africa
Republic of Senegal,142,3.904,0.36498,0.4354,0.36772,0.10713,0.20843,2015,SN,Africa
Republic of Senegal,128,4.219,0.44314,0.40457,0.31056,0.11681,0.19103,2016,SN,Africa
Republic of Senegal,115,4.53499984741211,0.479309022426605,0.409362852573395,0.377922266721725,0.115460447967052,0.183468893170357,2017,SN,Africa
Republic of Senegal,109,4.631,0.429,0.433,0.406,0.082,0.138,2018,SN,Africa
Republic of Senegal,111,4.681,0.45,0.571,0.292,0.072,0.153,2019,SN,Africa
Republic of Serbia,87,5.123,0.92053,0.74836,0.20107,0.02617,0.19231,2015,RS,Europe
Republic of Serbia,86,5.177,1.03437,0.6458,0.15718,0.04339,0.20737,2016,RS,Europe
Republic of Serbia,73,5.39499998092651,1.06931757926941,0.65078467130661,0.208715528249741,0.0409037806093693,0.220125883817673,2017,RS,Europe
Republic of Serbia,78,5.398,0.975,0.685,0.288,0.043,0.134,2018,RS,Europe
Republic of Serbia,70,5.603,1.004,0.854,0.282,0.039,0.137,2019,RS,Europe
Republic of Sierra Leone,123,4.507,0.33024,0.0,0.4084,0.08786,0.21488,2015,SL,Africa
Republic of Sierra Leone,111,4.635,0.36485,0.0,0.30685,0.08196,0.23897,2016,SL,Africa
Republic of Sierra Leone,106,4.70900011062622,0.36842092871666,0.0055647538974881,0.318697690963745,0.0710951760411263,0.293040901422501,2017,SL,Africa
Republic of Sierra Leone,113,4.571,0.256,0.0,0.355,0.053,0.238,2018,SL,Africa
Republic of Sierra Leone,129,4.374,0.268,0.242,0.309,0.045,0.252,2019,SL,Africa
Republic of Singapore,24,6.798,1.52186,1.02525,0.54252,0.4921,0.31105,2015,SG,Asia
Republic of Singapore,22,6.739,1.64555,0.94719,0.4877,0.46987,0.32706,2016,SG,Asia
Republic of Singapore,26,6.57200002670288,1.69227766990662,0.949492394924164,0.549840569496155,0.46430778503418,0.345965981483459,2017,SG,Asia
Republic of Singapore,34,6.343,1.529,1.008,0.631,0.457,0.261,2018,SG,Asia
Republic of Singapore,34,6.262,1.572,1.141,0.556,0.453,0.271,2019,SG,Asia
Republic of Slovenia,55,5.848,1.18498,0.87337,0.60855,0.03787,0.25328,2015,SI,Europe
Republic of Slovenia,63,5.768,1.29947,0.79151,0.53164,0.03635,0.25738,2016,SI,Europe
Republic of Slovenia,62,5.75799989700317,1.3412059545517,0.790828227996826,0.572575807571411,0.0451289787888527,0.242649093270302,2017,SI,Europe
Republic of Slovenia,51,5.948,1.219,0.856,0.633,0.051,0.16,2018,SI,Europe
Republic of Slovenia,44,6.118,1.258,0.953,0.564,0.057,0.144,2019,SI,Europe
Republic of South Africa,113,4.642,0.92049,0.27688,0.33207,0.08884,0.11973,2015,ZA,Africa
Republic of South Africa,116,4.459,1.02416,0.18611,0.42483,0.08415,0.13656,2016,ZA,Africa
Republic of South Africa,101,4.8289999961853,1.05469870567322,0.187080070376396,0.479246735572815,0.0725094974040985,0.139362379908562,2017,ZA,Africa
Republic of South Africa,105,4.724,0.94,0.33,0.516,0.056,0.103,2018,ZA,Africa
Republic of South Africa,106,4.722,0.96,0.469,0.389,0.055,0.13,2019,ZA,Africa
Republic of South Sudan,143,3.832,0.39394,0.15781,0.19662,0.13015,0.25899,2016,SS,Africa
Republic of South Sudan,147,3.59100008010864,0.39724862575531,0.163486003875732,0.147062435746193,0.116793513298035,0.285670816898346,2017,SS,Africa
Republic of South Sudan,154,3.254,0.337,0.177,0.112,0.106,0.224,2018,SS,Africa
Republic of South Sudan,156,2.853,0.306,0.295,0.01,0.091,0.202,2019,SS,Africa
Republic of Suriname,40,6.269,0.99534,0.6082,0.59657,0.13633,0.16991,2015,SR,America
Republic of Suriname,40,6.269,1.09686,0.50933,0.52234,0.12692,0.16665,2016,SR,America
Republic of Tajikistan,106,4.786,0.39047,0.57379,0.47216,0.15072,0.22974,2015,TJ,Asia
Republic of Tajikistan,100,4.996,0.48835,0.53119,0.43408,0.13509,0.25998,2016,TJ,Asia
Republic of Tajikistan,96,5.04099988937378,0.524713635444641,0.529235124588013,0.471566706895828,0.146377146244049,0.248997643589973,2017,TJ,Asia
Republic of Tajikistan,88,5.199,0.474,0.598,0.292,0.034,0.187,2018,TJ,Asia
Republic of Tajikistan,74,5.467,0.493,0.718,0.389,0.144,0.23,2019,TJ,Asia
Republic of Trinidad and Tobago,41,6.168,1.21183,0.61483,0.55884,0.0114,0.31844,2015,TT,America
Republic of Trinidad and Tobago,43,6.168,1.32572,0.52608,0.48453,0.01241,0.31935,2016,TT,America
Republic of Trinidad and Tobago,38,6.16800022125244,1.36135590076447,0.519983291625977,0.518630743026733,0.0089648161083459,0.325296461582184,2017,TT,America
Republic of Trinidad and Tobago,38,6.192,1.223,0.564,0.575,0.019,0.171,2018,TT,America
Republic of Trinidad and Tobago,39,6.192,1.231,0.713,0.489,0.016,0.185,2019,TT,America
Republic of Tunisia,107,4.739,0.88113,0.73793,0.26268,0.06358,0.06431,2015,TN,Africa
Republic of Tunisia,98,5.045,0.97724,0.59577,0.23553,0.0817,0.03936,2016,TN,Africa
Republic of Tunisia,102,4.80499982833862,1.00726580619812,0.613212049007416,0.289680689573288,0.0867231488227844,0.0496933571994305,2017,TN,Africa
Republic of Tunisia,111,4.592,0.9,0.69,0.271,0.063,0.04,2018,TN,Africa
Republic of Tunisia,124,4.461,0.921,0.815,0.167,0.055,0.059,2019,TN,Africa
Republic of Türkiye,76,5.332,1.06098,0.73172,0.22815,0.15746,0.12253,2015,TR,Asia
Republic of Türkiye,78,5.389,1.16492,0.64718,0.23889,0.12348,0.04707,2016,TR,Asia
Republic of Türkiye,69,5.5,1.19827437400818,0.637605607509613,0.300740599632263,0.0996715798974037,0.0466930419206619,2017,TR,Asia
Republic of Türkiye,74,5.483,1.148,0.686,0.324,0.109,0.106,2018,TR,Asia
Republic of Türkiye,79,5.373,1.183,0.808,0.195,0.106,0.083,2019,TR,Asia
Republic of Uganda,141,3.931,0.21102,0.33861,0.45727,0.07267,0.29066,2015,UG,Africa
Republic of Uganda,145,3.739,0.34719,0.19625,0.43653,0.06442,0.27102,2016,UG,Africa
Republic of Uganda,133,4.08099985122681,0.381430715322495,0.217632606625557,0.443185955286026,0.057069718837738,0.325766056776047,2017,UG,Africa
Republic of Uganda,135,4.161,0.322,0.237,0.45,0.061,0.259,2018,UG,Africa
Republic of Uganda,136,4.189,0.332,0.443,0.356,0.06,0.252,2019,UG,Africa
Republic of Uzbekistan,44,6.003,0.63244,0.59772,0.65821,0.30826,0.22837,2015,UZ,Asia
Republic of Uzbekistan,49,5.987,0.73591,0.50163,0.60848,0.28333,0.34326,2016,UZ,Asia
Republic of Uzbekistan,47,5.97100019454956,0.786441087722778,0.498272627592087,0.658248662948608,0.246528223156929,0.415983647108078,2017,UZ,Asia
Republic of Uzbekistan,44,6.096,0.719,0.605,0.724,0.259,0.328,2018,UZ,Asia
Republic of Uzbekistan,41,6.174,0.745,0.756,0.631,0.24,0.322,2019,UZ,Asia
Republic of Yemen,136,4.077,0.54649,0.40064,0.35571,0.07854,0.09131,2015,YE,Asia
Republic of Yemen,147,3.724,0.57939,0.31048,0.2287,0.05892,0.09821,2016,YE,Asia
Republic of Yemen,146,3.59299993515015,0.591683447360992,0.310080915689468,0.249463722109795,0.0567674227058887,0.104125209152699,2017,YE,Asia
Republic of Yemen,152,3.355,0.442,0.343,0.244,0.064,0.083,2018,YE,Asia
Republic of Yemen,151,3.38,0.287,0.463,0.143,0.077,0.108,2019,YE,Asia
Republic of Zambia,85,5.129,0.47038,0.29924,0.48827,0.12468,0.19591,2015,ZM,Africa
Republic of Zambia,106,4.795,0.61202,0.23573,0.42662,0.11479,0.17866,2016,ZM,Africa
Republic of Zambia,116,4.51399993896484,0.636406779289246,0.257835894823074,0.461603492498398,0.0782135501503944,0.249580144882202,2017,ZM,Africa
Republic of Zambia,125,4.377,0.562,0.295,0.503,0.082,0.221,2018,ZM,Africa
Republic of Zambia,138,4.107,0.578,0.426,0.431,0.087,0.247,2019,ZM,Africa
Republic of Zimbabwe,115,4.61,0.271,0.33475,0.25861,0.08079,0.18987,2015,ZW,Africa
Republic of Zimbabwe,131,4.193,0.35041,0.1595,0.25429,0.08582,0.18503,2016,ZW,Africa
Republic of Zimbabwe,138,3.875,0.375846534967422,0.196763753890991,0.336384207010269,0.0953753814101219,0.189143493771553,2017,ZW,Africa
Republic of Zimbabwe,144,3.692,0.357,0.248,0.406,0.099,0.132,2018,ZW,Africa
Republic of Zimbabwe,146,3.663,0.366,0.433,0.361,0.089,0.151,2019,ZW,Africa
Republic of the Congo,139,3.989,0.67866,0.31051,0.41466,0.11686,0.12388,2015,CG,Africa
Republic of the Congo,127,4.236,0.77109,0.28212,0.37938,0.09753,0.12077,2016,CG,Africa
Republic of the Congo,124,4.29099988937378,0.808964252471924,0.28995743393898,0.435025870800018,0.0796181336045265,0.120852127671242,2017,CG,Africa
Republic of the Congo,114,4.559,0.682,0.343,0.514,0.077,0.091,2018,CG,Africa
Republic of the Congo,103,4.812,0.673,0.508,0.372,0.093,0.105,2019,CG,Africa
Republic of the Gambia,120,4.516,0.308,0.428,0.382,0.167,0.269,2019,GM,Africa
Republic of the Philippines,90,5.073,0.70532,0.58114,0.62545,0.12279,0.24991,2015,PH,Asia
Republic of the Philippines,82,5.279,0.81217,0.47036,0.54854,0.11757,0.21674,2016,PH,Asia
Republic of the Philippines,72,5.42999982833862,0.85769921541214,0.468009054660797,0.585214674472809,0.0993318930268288,0.193513423204422,2017,PH,Asia
Republic of the Philippines,71,5.524,0.775,0.513,0.643,0.105,0.12,2018,PH,Asia
Republic of the Philippines,69,5.631,0.807,0.657,0.558,0.107,0.117,2019,PH,Asia
Republic of the Sudan,118,4.55,0.52107,0.36878,0.10081,0.1466,0.19062,2015,SD,Africa
Republic of the Sudan,133,4.139,0.63069,0.29759,0.0,0.10039,0.18077,2016,SD,Africa
Republic of the Sudan,130,4.13899993896484,0.65951669216156,0.290920823812485,0.0149958552792668,0.089847519993782,0.182317450642586,2017,SD,Africa
Republic of the Sudan,137,4.139,0.605,0.312,0.016,0.082,0.134,2018,SD,Africa
Republic of the Union of Myanmar,129,4.307,0.27108,0.48246,0.44017,0.19034,0.79588,2015,MM,Asia
Republic of the Union of Myanmar,119,4.395,0.34112,0.3988,0.42692,0.20243,0.81971,2016,MM,Asia
Republic of the Union of Myanmar,114,4.54500007629395,0.367110550403595,0.397522568702698,0.514492034912109,0.188816204667091,0.838075160980225,2017,MM,Asia
Republic of the Union of Myanmar,130,4.308,0.682,0.429,0.58,0.178,0.598,2018,MM,Asia
Republic of the Union of Myanmar,131,4.36,0.71,0.555,0.525,0.172,0.566,2019,MM,Asia
Romania,86,5.124,1.04345,0.7689,0.35068,0.00649,0.13748,2015,RO,Europe
Romania,71,5.528,1.1697,0.67602,0.36712,0.00679,0.12889,2016,RO,Europe
Romania,57,5.82499980926514,1.21768391132355,0.685158312320709,0.457003742456436,0.00438790069893,0.133519917726517,2017,RO,Europe
Romania,52,5.945,1.116,0.726,0.528,0.001,0.088,2018,RO,Europe
Romania,48,6.07,1.162,0.825,0.462,0.005,0.083,2019,RO,Europe
Russian Federation,64,5.716,1.13764,0.66926,0.36679,0.03005,0.00199,2015,RU,Europe
Russian Federation,56,5.856,1.23228,0.58991,0.32682,0.03586,0.02736,2016,RU,Europe
Russian Federation,49,5.96299982070923,1.28177809715271,0.547349333763123,0.373783111572266,0.0329628810286522,0.0522638224065304,2017,RU,Europe
Russian Federation,59,5.81,1.151,0.599,0.399,0.025,0.065,2018,RU,Europe
Russian Federation,68,5.648,1.183,0.726,0.334,0.031,0.082,2019,RU,Europe
Slovak Republic,45,5.995,1.16891,0.78902,0.31751,0.03431,0.16893,2015,SK,Europe
Slovak Republic,45,6.078,1.27973,0.70367,0.23391,0.02947,0.13837,2016,SK,Europe
Slovak Republic,40,6.09800004959106,1.32539355754852,0.712732911109924,0.295817464590073,0.0242108516395092,0.136544480919838,2017,SK,Europe
Slovak Republic,39,6.173,1.21,0.776,0.354,0.014,0.118,2018,SK,Europe
Slovak Republic,38,6.198,1.246,0.881,0.334,0.014,0.121,2019,SK,Europe
Socialist Republic of Vietnam,75,5.36,0.63216,0.74676,0.59444,0.10441,0.1686,2015,VN,Asia
Socialist Republic of Vietnam,96,5.061,0.74037,0.66157,0.55954,0.11556,0.25075,2016,VN,Asia
Socialist Republic of Vietnam,94,5.07399988174438,0.788547575473785,0.652168989181519,0.571055591106415,0.0876332372426987,0.234968051314354,2017,VN,Asia
Socialist Republic of Vietnam,95,5.103,0.715,0.702,0.618,0.079,0.177,2018,VN,Asia
Socialist Republic of Vietnam,94,5.175,0.741,0.851,0.543,0.073,0.147,2019,VN,Asia
State of Israel,11,7.278,1.22857,0.91387,0.41319,0.07785,0.33172,2015,IL,Asia
State of Israel,11,7.267,1.33766,0.84917,0.36432,0.08728,0.32288,2016,IL,Asia
State of Israel,11,7.21299982070923,1.37538242340088,0.83840399980545,0.405988603830338,0.0852421000599861,0.330082654953003,2017,IL,Asia
State of Israel,19,6.814,1.301,0.883,0.533,0.272,0.354,2018,IL,Asia
State of Israel,13,7.139,1.276,1.029,0.371,0.082,0.261,2019,IL,Asia
State of Kuwait,39,6.295,1.55422,0.72492,0.55499,0.25609,0.16228,2015,KW,Asia
State of Kuwait,41,6.239,1.61714,0.63569,0.43166,0.23669,0.15965,2016,KW,Asia
State of Kuwait,39,6.10500001907349,1.63295245170593,0.632105708122253,0.496337592601776,0.215159550309181,0.228289797902107,2017,KW,Asia
State of Kuwait,45,6.083,1.474,0.675,0.554,0.106,0.167,2018,KW,Asia
State of Kuwait,51,6.021,1.5,0.808,0.493,0.097,0.142,2019,KW,Asia
State of Libya,63,5.754,1.13145,0.7038,0.41668,0.11023,0.18295,2015,LY,Africa
State of Libya,67,5.615,1.06688,0.52304,0.40672,0.10339,0.17087,2016,LY,Africa
State of Libya,68,5.52500009536743,1.10180306434631,0.520169019699097,0.465733230113983,0.0926102101802826,0.152073666453362,2017,LY,Africa
State of Libya,70,5.566,0.985,0.553,0.496,0.148,0.116,2018,LY,Africa
State of Libya,72,5.525,1.044,0.673,0.416,0.152,0.133,2019,LY,Africa
State of Palestine,108,4.715,0.59867,0.66015,0.24499,0.12905,0.11251,2015,PS,Asia
State of Palestine,108,4.754,0.67024,0.56844,0.17744,0.10613,0.11154,2016,PS,Asia
State of Palestine,103,4.77500009536743,0.716249227523804,0.565666973590851,0.25471106171608,0.0892826020717621,0.114173173904419,2017,PS,Asia
State of Palestine,104,4.743,0.642,0.602,0.266,0.076,0.086,2018,PS,Asia
State of Palestine,110,4.696,0.657,0.672,0.225,0.066,0.103,2019,PS,Asia
State of Qatar,28,6.611,1.69042,0.79733,0.6404,0.52208,0.32573,2015,QA,Asia
State of Qatar,36,6.375,1.82427,0.71723,0.56679,0.48049,0.32388,2016,QA,Asia
State of Qatar,35,6.375,1.87076568603516,0.710098087787628,0.604130983352661,0.439299255609512,0.330473870038986,2017,QA,Asia
State of Qatar,32,6.374,1.649,0.748,0.654,0.171,0.256,2018,QA,Asia
State of Qatar,29,6.374,1.684,0.871,0.555,0.167,0.22,2019,QA,Asia
Sultanate of Oman,22,6.853,1.36011,0.76276,0.63274,0.32524,0.21542,2015,OM,Asia
Swiss Confederation,1,7.587,1.39651,0.94143,0.66557,0.41978,0.29678,2015,CH,Europe
Swiss Confederation,2,7.509,1.52733,0.86303,0.58557,0.41203,0.28083,2016,CH,Europe
Swiss Confederation,4,7.49399995803833,1.56497955322266,0.858131289482117,0.620070576667786,0.367007285356522,0.290549278259277,2017,CH,Europe
Swiss Confederation,5,7.487,1.42,0.927,0.66,0.357,0.256,2018,CH,Europe
Swiss Confederation,6,7.48,1.452,1.052,0.572,0.343,0.263,2019,CH,Europe
Syrian Arab Republic,156,3.006,0.6632,0.72193,0.15684,0.18906,0.47179,2015,SY,Asia
Syrian Arab Republic,156,3.069,0.74719,0.62994,0.06912,0.17233,0.48397,2016,SY,Asia
Syrian Arab Republic,152,3.46199989318848,0.777153134346008,0.50053334236145,0.0815394446253777,0.151347130537033,0.493663728237152,2017,SY,Asia
Syrian Arab Republic,150,3.462,0.689,0.539,0.088,0.144,0.376,2018,SY,Asia
Syrian Arab Republic,149,3.462,0.619,0.44,0.013,0.141,0.331,2019,SY,Asia
Togolese Republic,158,2.839,0.20868,0.28443,0.36453,0.10731,0.16681,2015,TG,Africa
Togolese Republic,155,3.303,0.28123,0.24811,0.34678,0.11587,0.17517,2016,TG,Africa
Togolese Republic,150,3.49499988555908,0.305444717407227,0.247105568647385,0.38042613863945,0.0956650152802467,0.196896150708199,2017,TG,Africa
Togolese Republic,139,3.999,0.259,0.253,0.434,0.101,0.158,2018,TG,Africa
Togolese Republic,139,4.085,0.275,0.41,0.293,0.085,0.177,2019,TG,Africa
Turkmenistan,70,5.548,0.95847,0.53886,0.4761,0.30844,0.16979,2015,TM,Asia
Turkmenistan,65,5.658,1.08017,0.44006,0.37408,0.28467,0.22567,2016,TM,Asia
Turkmenistan,59,5.82200002670288,1.13077676296234,0.437726080417633,0.41827192902565,0.259270340204239,0.24992498755455,2017,TM,Asia
Turkmenistan,68,5.636,1.016,0.517,0.417,0.037,0.199,2018,TM,Asia
Turkmenistan,87,5.247,1.052,0.657,0.394,0.028,0.244,2019,TM,Asia
Ukraine,111,4.681,0.79907,0.6739,0.25123,0.02961,0.15275,2015,UA,Europe
Ukraine,123,4.324,0.87287,0.58628,0.12859,0.01829,0.20363,2016,UA,Europe
Ukraine,132,4.09600019454956,0.89465194940567,0.575903952121735,0.122974775731564,0.0230294708162546,0.270061463117599,2017,UA,Europe
Ukraine,138,4.103,0.793,0.609,0.163,0.011,0.187,2018,UA,Europe
Ukraine,133,4.332,0.82,0.739,0.178,0.01,0.187,2019,UA,Europe
Union of the Comoros,140,3.956,0.23906,0.36315,0.22917,0.199,0.17441,2015,KM,Africa
Union of the Comoros,138,3.956,0.27509,0.29981,0.15412,0.18437,0.1827,2016,KM,Africa
Union of the Comoros,142,3.973,0.274,0.505,0.142,0.078,0.275,2019,KM,Africa
United Arab Emirates,20,6.901,1.42727,0.80925,0.64157,0.38583,0.26428,2015,AE,Asia
United Arab Emirates,28,6.573,1.57352,0.72993,0.56215,0.35561,0.26591,2016,AE,Asia
United Arab Emirates,21,6.64799976348877,1.62634336948395,0.726798236370087,0.60834527015686,0.324489563703537,0.3609419465065,2017,AE,Asia
United Arab Emirates,20,6.774,2.096,0.67,0.284,0.25324478185176846,0.186,2018,AE,Asia
United Arab Emirates,21,6.825,1.503,0.825,0.598,0.182,0.262,2019,AE,Asia
United Kingdom of Great Britain and Northern Ireland,21,6.867,1.26637,0.90943,0.59625,0.32067,0.51912,2015,GB,Europe
United Kingdom of Great Britain and Northern Ireland,23,6.725,1.40283,0.80991,0.50036,0.27399,0.50156,2016,GB,Europe
United Kingdom of Great Britain and Northern Ireland,19,6.71400022506714,1.44163393974304,0.805335938930511,0.508190035820007,0.265428066253662,0.492774158716202,2017,GB,Europe
United Kingdom of Great Britain and Northern Ireland,11,7.19,1.244,0.888,0.464,0.082,0.262,2018,GB,Europe
United Kingdom of Great Britain and Northern Ireland,15,7.054,1.333,0.996,0.45,0.278,0.348,2019,GB,Europe
United Mexican States,14,7.187,1.02054,0.81444,0.48181,0.21312,0.14074,2015,MX,America
United Mexican States,21,6.778,1.11508,0.71143,0.37709,0.18355,0.11735,2016,MX,America
United Mexican States,25,6.57800006866455,1.15318381786346,0.709978997707367,0.412730008363724,0.132774114608765,0.120990432798862,2017,MX,America
United Mexican States,24,6.488,1.038,0.761,0.479,0.095,0.069,2018,MX,America
United Mexican States,23,6.595,1.07,0.861,0.433,0.073,0.074,2019,MX,America
United Republic of Tanzania,146,3.781,0.2852,0.38215,0.32878,0.05747,0.34377,2015,TZ,Africa
United Republic of Tanzania,149,3.666,0.47155,0.357,0.3176,0.05099,0.31472,2016,TZ,Africa
United Republic of Tanzania,153,3.34899997711182,0.511135876178741,0.364509284496307,0.390017777681351,0.0660351067781448,0.354256361722946,2017,TZ,Africa
United Republic of Tanzania,153,3.303,0.455,0.381,0.481,0.097,0.27,2018,TZ,Africa
United Republic of Tanzania,153,3.231,0.476,0.499,0.417,0.147,0.276,2019,TZ,Africa
United States of America,15,7.119,1.39451,0.86179,0.54604,0.1589,0.40105,2015,US,America
United States of America,13,7.104,1.50796,0.779,0.48163,0.14868,0.41077,2016,US,America
United States of America,14,6.99300003051758,1.54625928401947,0.77428662776947,0.505740523338318,0.135638788342476,0.392578780651093,2017,US,America
United States of America,18,6.886,1.398,0.819,0.547,0.133,0.291,2018,US,America
United States of America,19,6.892,1.433,0.874,0.454,0.128,0.28,2019,US,America
